oos,hour,mean,std,count,t
False,0,-0.2527975181686676,7.712891905302696,2330,-1.5820985103527367
False,1,-0.17652961942749837,9.441447959237554,2330,-0.9025202224650848
False,2,0.5345722055832044,8.304944747797203,2330,3.107045316013505
False,3,0.6189740460403512,8.52189505952706,2330,3.5060186162650906
False,4,-0.010510942215751206,5.9283955659889624,2330,-0.0855820007504164
False,5,0.17750545773973056,5.724453072671296,2330,1.4967720742733508
False,6,-0.11268963015270918,8.153764191006768,2330,-0.6671197017425807
False,7,-0.1284294503753538,11.870932298620094,2332,-0.5224492004116479
False,8,0.11443007659333142,15.948402429977964,2331,0.34641296648694914
False,9,-0.15537657366818464,14.108325633187947,2331,-0.5317178034311604
False,10,-0.5426388224236006,12.57953551509444,2331,-2.0826552851578857
False,11,-1.1536683361298432,11.390043718489498,2333,-4.892298545802214
False,12,-0.7301867647723663,12.198901162263251,2333,-2.891149926963814
False,13,0.17321647430043075,19.901589308450518,2333,0.4203962216859544
False,14,0.07748111072342648,16.842536025073237,2333,0.22220085326451192
False,15,-0.45308739419715444,18.082962849995774,2333,-1.2102351397394195
False,16,0.8126252815768988,13.486594895730658,2333,2.910351111041475
False,17,0.3957212556805588,11.262933644022917,2333,1.6970522833959003
False,18,0.44487036228459526,11.263458120872185,2334,1.9081484144742744
False,19,-0.38794890052198455,12.710052202916211,2333,-1.4742955697273599
False,20,0.28191988958206415,9.37322836807022,2330,1.4518256964873524
False,21,-0.12273774661693161,6.7446180510573965,2328,-0.878035899964087
False,22,-0.5803544692582828,11.572368470394846,2342,-2.426970655205665
False,23,0.22370029719958046,7.416274099877332,2330,1.4559911961652952
True,0,-0.22220743432194184,6.676067804239326,1964,-1.4750562693123634
True,1,0.2361601742081508,7.843854666383575,2014,1.3511602348543716
True,2,0.06617045323153882,6.9968755486877034,2014,0.42441399192532736
True,3,-0.049663063181742836,5.271653789666218,2014,-0.42278187008850626
True,4,0.0016752896490766311,4.661225989453451,2015,0.016133450879348404
True,5,-0.10893440045125072,4.985286456010549,2011,-0.9798982109224592
True,6,0.09207136736492227,6.174671254155162,2011,0.668677619971697
True,7,-0.4662716815504223,10.114862411466559,2011,-2.067212372348842
True,8,0.7875598281877465,12.763302451342113,2005,2.7629796307731382
True,9,-0.3452729954245642,10.469901305158167,2005,-1.4766487877585763
True,10,0.0074676706400075175,9.328361028889525,1993,0.03573826449351118
True,11,-0.4862401474042282,9.058431680165581,1952,-2.371579610580836
True,12,-0.9424799732342471,10.177362525833347,1951,-4.090397559816806
True,13,0.702980276125035,16.41859383425954,1944,1.8877970839849763
True,14,0.16183755524872287,14.303859726902344,1951,0.4997521848523308
True,15,-0.2674948412954749,15.7525801386802,1949,-0.7496691387356818
True,16,-0.053747995856050994,11.288538409824387,1953,-0.2104145083241606
True,17,-0.39145866300589766,8.931269657138133,1946,-1.9334997686707123
True,18,0.19397820788888623,8.68934163247864,1954,0.9867982030713781
True,19,0.21587380860920644,9.739597351223358,1947,0.9780069175369663
True,20,0.013706154166654667,6.671404810068291,1948,0.09067609211384557
True,21,-0.8312348192829254,5.402980280478197,1945,-6.785004613287414
True,22,0.43740958943354746,6.827574119658516,1959,2.835561652616335
True,23,1.1784494922784643,5.883083045997073,1954,8.854586285105599
