strategy,symbol,family,source,n,trades_per_year,is_n,is_gross_bp,is_net_bp,is_net_raw_bp,is_hit,is_t,is_p,is_t_gross,is_p_gross,is_sharpe,is_sharpe_raw,is_ann_net,is_ann_raw,oos_n,oos_gross_bp,oos_net_bp,oos_net_raw_bp,oos_hit,oos_t,oos_p,oos_t_gross,oos_p_gross,oos_sharpe,oos_sharpe_raw,oos_ann_net,oos_ann_raw,all_n,all_gross_bp,all_net_bp,all_net_raw_bp,all_hit,all_t,all_p,all_t_gross,all_p_gross,all_sharpe,all_sharpe_raw,all_ann_net,all_ann_raw,oos_q,oos_q_gross,same_sign,passes_retail,gross_real_cost_killed
W1 pre-Tokyo fix: USD up (18:00 ET -> 10:00 Tokyo),EURUSD,session / fix,"Krohn, Mueller & Whelan (fixing reversals, 1999-2018)",4312,257.7250859106529,2324,0.4485646232805654,-0.5247360919335378,-0.03808573432648621,0.4612736660929432,-2.0557785258519723,0.039915400221807305,1.758084329178544,0.078864841669945,-0.6845995508779036,-0.049699325782848566,-0.01352376543739913,-0.0009815649151263962,1988,-0.9039362607425978,-1.9799775145901253,-1.4419568876663613,0.3903420523138833,-8.070577438027968,1.1987191029675437e-15,-3.684343939701653,0.00023542757274187584,-2.905860526352178,-2.116201426950368,-0.05102898750489011,-0.037162846275327066,4312,-0.1749909790937501,-1.1956590854959905,-0.6853250322948703,0.42857142857142855,-6.701382917562126,2.3307732718607875e-11,-0.9812596454499547,0.32651978158343437,-1.6383376235464904,-0.9392937657413241,-0.03081513405293069,-0.017662545282491643,3.596157308902631e-14,0.007062827182256275,True,False,False
W2 post-Tokyo fix: USD down (10:00 Tokyo -> 08:00 London),EURUSD,session / fix,"Krohn, Mueller & Whelan (fixing reversals, 1999-2018)",4325,258.45979221204186,2324,1.2847677991069484,0.3114321024196243,0.7980999507632863,0.5004302925989673,0.7340989903271247,0.46296249528449984,3.028347463352492,0.002486006591580213,0.24481220203651613,0.6273687847952745,0.008049267647953544,0.020627674743871983,2001,-0.23023025811603398,-1.3063314021419734,-0.7682808301290036,0.45327336331834084,-3.638748031782327,0.0002809134982955895,-0.641285674978502,0.5214105738355369,-1.3077506201187512,-0.7691081050780795,-0.03376341427576797,-0.01985697037156373,4325,0.5838403742507199,-0.437040677378701,0.07339984843600958,0.47861271676300576,-1.5482058240151424,0.12164593174557327,2.068433102996863,0.0386586292984789,-0.3784705892612035,0.06356630685885184,-0.011295744266350908,0.0018970909575166401,0.003370961979547074,0.8318640652130973,False,False,False
W3 pre-ECB fix: USD up (08:00 London -> 14:15 Frankfurt),EURUSD,session / fix,"Krohn, Mueller & Whelan (fixing reversals, 1999-2018)",4313,257.7848551791851,2326,2.8938696587185118,1.9206004609899403,2.407235059854226,0.5146173688736028,2.9947739499362553,0.0027754662534561956,4.512669433576837,6.7205913039131e-06,0.9969833169174105,1.2496361576250345,0.04951017116933679,0.06205487412867787,1987,0.47568842177904225,-0.6002812731227439,-0.06229642567185067,0.494212380473075,-1.1259624667353854,0.26031744838102594,0.8923178679633208,0.37233068151814436,-0.4055586603172219,-0.042089737470921665,-0.01547434210587234,-0.0016059075069998895,4313,1.779813058255093,0.7592297200481588,1.2695213891516257,0.5052167864595409,1.7881710724950493,0.07381860160983823,4.1924999454875715,2.8143078894426746e-05,0.43716766844176647,0.731049578436913,0.019571792343034786,0.03272633874493298,0.4780639414991702,0.8318640652130973,False,False,False
W4 ECB -> 1h before London fix: USD down,EURUSD,session / fix,"Krohn, Mueller & Whelan (fixing reversals, 1999-2018)",4258,254.49754540991657,2326,0.7234188273653699,-0.25013346566387107,0.23664268085074927,0.4858125537403267,-0.46717605526557454,0.6404177013586064,1.351076405823928,0.17680241704551455,-0.15453167749999924,0.14619418830398948,-0.006365835303633084,0.0060224981415737955,1932,0.41872343566641873,-0.656488073781831,-0.11888231905770628,0.4813664596273292,-1.394743250065226,0.16325369441384815,0.8895853248995017,0.37379939797257167,-0.5062120817618773,-0.09166841814174526,-0.01670746033683602,-0.0030255258392824797,4258,0.5851681235696033,-0.43451042735572143,0.07532884810694082,0.48379520901831846,-1.1998882221975191,0.23024952730079398,1.6158966262414531,0.10619076583272266,-0.29334572321255237,0.050855489698060384,-0.011058183721704497,0.001917100694177288,0.39180886659323555,0.8318640652130973,True,False,False
W5 into London 4pm fix: USD up (15:00 -> 16:00 London),EURUSD,session / fix,"Krohn, Mueller & Whelan (fixing reversals, 1999-2018)",4270,255.21477663230243,2326,0.42774283308950023,-0.5457431070635774,-0.05900013698703873,0.4699054170249355,-1.4614860674578731,0.14401723053202095,1.145583283748154,0.2520855171939797,-0.4841085269918442,-0.05233926026650465,-0.013928170516784962,-0.0015057706782422335,1944,0.40718190670339305,-0.6680082592768342,-0.13041317628672047,0.4825102880658436,-1.8856575871417045,0.059490173565288684,1.1496195202245325,0.25044209843726867,-0.6832310744442606,-0.1333982645429565,-0.017048557867987042,-0.003328336965592445,4270,0.4183820740977924,-0.601406679874484,-0.09151230288834579,0.4756440281030445,-2.316983034260873,0.02055174578824465,1.6120781762717153,0.10701884930876805,-0.5664503170234345,-0.08619931374572469,-0.015348787146934106,-0.0023355291940756777,0.19830057855096228,0.8318640652130973,True,False,False
W6 post London fix: USD down (16:00 London -> 16:50 ET),EURUSD,session / fix,"Krohn, Mueller & Whelan (fixing reversals, 1999-2018)",4259,254.5573146784487,2319,1.8276195375494393,0.8539786089961379,1.3407990732727881,0.49978438982319967,1.553787791528186,0.12037155664035037,3.3251134571420384,0.0008975963713779219,0.5147947638900793,0.8082383056954681,0.021738650149889377,0.034131021161567354,1940,-0.11968859363972072,-1.1949102709149901,-0.6572994322773553,0.4536082474226804,-2.583128998853654,0.00986350152056356,-0.25872251049591216,0.7958768105513125,-0.9357029969134083,-0.5146970316029377,-0.03041731498458175,-0.016732037842019244,4259,0.9406090246339731,-0.07930254315873136,0.43065324073762085,0.47875088048837755,-0.216501378273395,0.828607322332723,2.5680011245056535,0.010262493681415318,-0.05292972479537248,0.2874400452485001,-0.002018704243365844,0.010962593251974026,0.06575667680375706,0.918319396789976,False,False,False
Breedon-Ranaldo: European morning (08:00-12:00 London),EURUSD,session / fix,Breedon & Ranaldo 2013 (EUR weak in EU hours),4271,255.27454590083457,2326,1.6853509159714115,0.7120817182428398,1.1987163171071256,0.49828030954428204,1.2453728817279723,0.2131202109755098,2.947598344955613,0.0032344178722884744,0.4125706274593875,0.694527830013856,0.018177633726872696,0.03060017635134423,1945,-0.09630900688833675,-1.17158325405358,-0.633946130470958,0.4652956298200514,-2.4857918061962185,0.01300981294309488,-0.20436348068875587,0.8380908584762952,-0.90055181419685,-0.48731596571494107,-0.02990753831635497,-0.016183031058156504,4271,0.8739885769495876,-0.14573340025787102,0.36412758834585823,0.4832591898852728,-0.38510131293316785,0.7001815360690636,2.3098015947985733,0.020946610754362115,-0.09414862239883495,0.23525328076434948,-0.003720202757341259,0.009295250476495497,0.07492991716219237,0.9408311510921815,False,False,False
Breedon-Ranaldo: US afternoon (12:00 ET -> 16:00 ET),EURUSD,session / fix,Breedon & Ranaldo 2013 (EUR strong in US hours),4260,254.61708394698087,2321,0.7050648555159278,-0.2684220588271117,0.21832139834440806,0.4842740198190435,-0.5940849288124629,0.5525132330393966,1.5603452587634545,0.11881470421559326,-0.19676811934620933,0.16003478926184445,-0.006834484188560414,0.00555883578096804,1939,0.16920809972235148,-0.9061273036998291,-0.3684596019887388,0.46828261990716863,-2.378415130815119,0.01748364733784489,0.4441021352255134,0.6570183249403538,-0.8618715092035164,-0.3504494200456942,-0.023071549175279083,-0.009381610941063786,4260,0.46116198005026,-0.5586827324910082,-0.04876037622037411,0.47699530516431926,-1.8553470746718261,0.06361572560559962,1.5314119899967094,0.12574187248156654,-0.45359069233392924,-0.039587346817999636,-0.01422501681983917,-0.0012415224805389364,0.07492991716219237,0.8387467977961963,True,False,False
"W5 into London fix, month-end only",EURUSD,session / fix,Evans 2018 (fix reversals strongest at month-end),195,11.700961064563824,108,1.3416459688243867,0.36841358099784766,0.8550297749111173,0.5185185185185185,0.1919277070401246,0.8481625966172281,0.6989505739349408,0.48609942802311223,0.06317373643716725,0.14661774394153432,0.0004310792966912346,0.0010004670105277754,87,-2.331366722266967,-3.407850646377062,-2.8696086843220137,0.40229885057471265,-1.250735498853037,0.21442314743790214,-0.8556900014695956,0.39454706305004866,-0.45868719591673274,-0.3862508425699878,-0.003987512772710666,-0.0033577179485786103,195,-0.2970827702779098,-1.3163812281386507,-0.8067319992082799,0.4666666666666667,-0.8145062212988661,0.4163537114735768,-0.18385956352645894,0.8543156597198042,-0.19952065748556178,-0.12228814948258451,-0.001540292549657306,-0.0009439539712273816,0.4594781730812189,0.8318640652130973,False,False,False
"W6 post London fix, month-end only",EURUSD,session / fix,Evans 2018 (fix reversals strongest at month-end),194,11.640956136027599,106,-5.39667769187983,-6.371756844383316,-5.884217268131571,0.3490566037735849,-3.2317745504710294,0.00164378218516112,-2.7361111191894687,0.0073012850904703615,-1.070982687297182,-0.9888392791164272,-0.007417334193489981,-0.006849791511317577,88,-3.301419345612094,-4.377926635256005,-3.8396729904340496,0.3409090909090909,-1.6209357099076116,0.10865043338016506,-1.2217219747823083,0.2251128746842404,-0.5895474705572009,-0.5169302277631664,-0.005096325192776204,-0.00446974648583327,194,-4.4462512255315785,-5.467339017562679,-4.956795121547128,0.34536082474226804,-3.3571679897879037,0.0009484636857260633,-2.7286293219436746,0.00694726050477801,-0.8223686291110428,-0.7453651244782873,-0.0063645053684239375,-0.005770183458520571,0.27162608345041267,0.8318640652130973,True,False,False
Last trading day of month long,EURUSD,calendar,month-end rebalancing lore,192,11.52094627895515,104,2.5877349835192374,1.6119973581894795,2.0998661708543582,0.5384615384615384,0.3107623432989589,0.7566093051133376,0.49886570873423974,0.6189377555545472,0.10343220750089349,0.1347358410807902,0.0018571734965518619,0.002419244534740832,88,-4.963497391421729,-6.039815037953477,-5.501656214687604,0.4772727272727273,-1.322496465499884,0.18946898081573116,-1.0866139047203511,0.2802089405983965,-0.4785168770353193,-0.4358383421657592,-0.006958438458708746,-0.006338428569469563,192,-0.873246521662039,-1.8950833233760425,-1.3841649225190402,0.5104166666666666,-0.5405659029366812,0.5894366342708589,-0.24909363282734295,0.8035560126056912,-0.13241650161518922,-0.09671738298640341,-0.0021833153162759177,-0.001594688971355598,0.4372361095747642,0.8318640652130973,False,False,False
Friday long,EURUSD,calendar,Weekday effects (gold) 2016,850,50.92888779527559,464,-2.6812992128503694,-3.6541498827533094,-3.16772454780184,0.49137931034482757,-1.334040241862181,0.18284646600712215,-0.9789112874052339,0.3281350230017272,-0.44196923146974715,-0.3831430515809648,-0.018610178936586275,-0.016132868806134,386,-0.3406642283477927,-1.4166286779183392,-0.8786464531330647,0.48186528497409326,-0.638225602235175,0.5237062695241119,-0.1534687048258806,0.8781090743527027,-0.23182627951867388,-0.1437832925728333,-0.00721473229852727,-0.004474848662333072,850,-1.6183755610644943,-2.6380520179694287,-2.1282137895169613,0.48705882352941177,-1.463407186215626,0.1437261096215796,-0.8977487249597048,0.36957403647561093,-0.3582100913787702,-0.28897927943041335,-0.013435305522126538,-0.010838756129066759,0.709805748678457,0.9408311510921815,True,False,False
Tuesday short,EURUSD,calendar,Weekday effects (gold) 2016,849,50.75241407528642,462,0.954060638683541,-0.01918559867960042,0.46743752000196964,0.5151515151515151,-0.007635870917392891,0.9939108188723882,0.3797101279383793,0.7043354589612122,-0.0025308473005820347,0.06166103274895764,-9.737154484693488e-05,0.0023723582569464942,387,0.35732998832832563,-0.7181002693507514,-0.18038514051121304,0.49870801033591733,-0.3313941311862683,0.7405266387048672,0.16491198100752066,0.8690995894918344,-0.1200100682750742,-0.030147058491989873,-0.0036445322217664045,-0.0009154981344253806,849,0.6820526743873473,-0.3377721446745774,0.17214026485638503,0.5076560659599529,-0.20036188205222405,0.8412456094589682,0.4045902608767932,0.6858807465431273,-0.04898798877547523,0.024966148386907677,-0.0017142751749621703,0.0008736534001020727,0.8415238070670161,0.9408311510921815,True,False,False
BASELINE: long every day (close to close),EURUSD,baseline,buy & hold,4218,252.10677466863035,2285,-0.5086424883457354,-1.4819123475880853,-0.9952774179669104,0.49671772428884026,-1.2339541663675078,0.21734693877477027,-0.42350620129634076,0.6719658513233135,-0.4098719374279388,-0.27526770498331493,-0.03736001422920504,-0.02509161797441601,1933,0.8138156733840316,-0.2615553668704745,0.2761301532567791,0.48060010346611487,-0.25845000746618524,0.7960871561553746,0.804101508246192,0.42143728088475124,-0.09333679417998411,0.09853467971480821,-0.006593987993898566,0.006961428232632117,4218,0.09740578728812892,-0.9226543950686108,-0.412624303890241,0.48933143669985774,-1.1548584669400788,0.24821382533840625,0.12191028153201378,0.9029758816439454,-0.2823369593312918,-0.12626023084573093,-0.02326074236745837,-0.010402538240365744,0.8415238070670161,0.8318640652130973,True,False,False
"London breakout of Asian range (stop opposite, exit 16:00 London)",EURUSD,breakout,practitioner standard definitions,4092,244.5758468335788,2194,0.4128626939502332,-0.5606185216011607,-0.07387791382546369,0.39061075660893346,-0.7363408546961904,0.4616020452215871,0.5422590300978002,0.5876951704212765,-0.24584839004298414,-0.0323973686617139,-0.013711374967119286,-0.001806875333616094,1898,0.5262201884408697,-0.5504005051108269,-0.01209015833497857,0.38461538461538464,-0.8299535725974302,0.40666946364187073,0.7934941271298542,0.4275892270061756,-0.2979287933358679,-0.006544348730692415,-0.013461466963511002,-0.0002956960713129434,4092,0.4654415122648053,-0.5558790799348231,-0.04521878383500894,0.3878299120234604,-1.0876710205119424,0.27680444042407065,0.9107004959373515,0.362506857412273,-0.2659111375766868,-0.021630776256862636,-0.013595459671212999,-0.0011059422349231857,0.6320623352875818,0.8318640652130973,True,False,False
"London breakout, target 1x range, width filter",EURUSD,breakout,practitioner standard definitions,3885,232.2036082474227,2092,-0.19893030977279144,-1.1728343206234442,-0.6858823151981178,0.49569789674952197,-2.0630146698916363,0.03923444071468632,-0.3499284522137869,0.7264276350197766,-0.6873152153035665,-0.40195353887932295,-0.027233636112517837,-0.015926434842209906,1793,0.12606676186550292,-0.9504517362033416,-0.4121924871689193,0.49581706636921363,-2.0127130056788265,0.044294164241502745,0.2669652497205604,0.7895266346612838,-0.724312850128878,-0.3141215493001886,-0.022069832261144347,-0.009571258281310254,3885,-0.04893809627280134,-1.0702006079168176,-0.5595693520948095,0.4957528957528958,-2.8482394314135218,0.00441929228183277,-0.13024529033011364,0.8963791080535393,-0.69633057516,-0.3640883832809388,-0.024850444270687035,-0.012993402262108728,0.16610311590563528,0.918319396789976,True,False,False
NY 30-min ORB 08:20-08:50 ET (exit 13:30 ET),EURUSD,breakout,practitioner standard definitions,4183,249.97394469895286,2285,0.42116743425556835,-0.5522169020055676,-0.06552473387499967,0.3737417943107221,-1.0525681179473878,0.2926503173080857,0.8026696332989965,0.42224922183253377,-0.34814044555923046,-0.04130679573694076,-0.013803983732376682,-0.0016379476202082772,1898,0.5219569183453517,-0.5533693467838845,-0.01570621421926637,0.36828240252897787,-1.1488382621862487,0.2507675123677409,1.0834705779810612,0.2787372926778445,-0.41692521283221445,-0.011832710737250028,-0.01383279184910504,-0.00039261443246767984,4183,0.466899789216699,-0.5527398138366089,-0.042920012309955034,0.37126464260100406,-1.5337934226486927,0.12515612523181346,1.2954160569136044,0.19524824247950237,-0.3749473690580377,-0.02911253032765731,-0.013817055165690198,-0.0010728884783647076,0.4780639414991702,0.8318640652130973,True,False,False
"ICT Judas swing (Asian range sweep fade, London KZ)",EURUSD,ICT / price action,"ICT (vendor claims 70-80% win, unaudited)",3523,210.60159574468085,1869,0.14739959471066402,-0.8270710643522572,-0.3398357348207967,0.308721241305511,-2.674102873642401,0.007558248993569297,0.4765235134513787,0.6337571931230173,-0.897644323368082,-0.3688155892697708,-0.0174182485946837,-0.007156994804432599,1654,0.5741158867183681,-0.5019339297881136,0.03609097846512729,0.29020556227327693,-1.9418516543705633,0.052324763740199474,2.2207017535064266,0.02650628132434211,-0.6929136640138649,0.04981878024760468,-0.010570808657177532,0.0007600817656742718,3523,0.3477370193432904,-0.6744236557320208,-0.16334331819436523,0.3000283848992336,-3.304819787572116,0.0009598860377466789,1.7036460345467024,0.08853545193459426,-0.8080203330110123,-0.1956818444846791,-0.014203469810512485,-0.003440036346596448,0.1846756367301158,0.26506281324342107,True,False,False
Williams volatility breakout k=0.5,EURUSD,breakout,Larry Williams,3290,196.6408934707904,1783,-0.11174468420637731,-1.0847826985891853,-0.598263691397781,0.4845765563656758,-0.9517854113618526,0.34133489623106683,-0.09804872449841728,0.921904630018126,-0.3160823835248733,-0.17432503586037124,-0.02133126390722325,-0.011764310680759286,1507,0.6073569680326775,-0.46821320228840013,0.06957188287213864,0.49104180491041804,-0.5025269793962603,0.6153703513396335,0.6518753259749637,0.5145810728883825,-0.18152635036965564,0.026973188462614296,-0.009206986243281092,0.001368067720842252,3290,0.2176432154666488,-0.8023601359979136,-0.2923584602656325,0.48753799392097263,-1.0688400022853892,0.2852202086639317,0.28993374734282945,0.7718851999936105,-0.26130737652769503,-0.09521456088956462,-0.01577768140279746,-0.005748962884037854,0.79174660788331,0.8318640652130973,True,False,False
5-min ORB (Zarattini-Aziz) at 08:20 ET,EURUSD,breakout,Zarattini & Aziz 2023 (QQQ),4246,253.7803141875307,2263,0.49385234090179614,-0.48094918774608814,0.006451576577853885,0.12107821475916924,-1.5427064490411107,0.12304189420235304,1.583825072539146,0.11337332137157068,-0.5166185348504806,0.006929495306917323,-0.012205543597443995,0.00016372831309326732,1983,0.09511493405332488,-0.9809708698162456,-0.44292796788146044,0.12102874432677761,-3.6558441423840486,0.00026301383174362074,0.3544465849392701,0.7230419340903244,-1.3078420015069587,-0.5904981651794656,-0.024895109555078208,-0.011240639885140154,4246,0.307630890647317,-0.7144732093064089,-0.20342115932954605,0.1210551106924164,-3.4328433018767526,0.0006029977067575394,1.477974312038198,0.13948884283510454,-0.8392530924423339,-0.23894060384703605,-0.018131923553635385,-0.005162428572704394,0.003370961979547074,0.9012835256492071,True,False,False
Intraday momentum (first 30m -> last hour),EURUSD,momentum,"Gao, Han, Li & Zhou 2018 (SPY)",3355,200.52589592538047,1854,-0.0898355549704829,-1.063228168206962,-0.5765318615887224,0.45846817691477887,-3.947016024723189,8.208607310913763e-05,-0.33352352666981916,0.7387768689572612,-1.2980734206868487,-0.7039101406723945,-0.02132047810028022,-0.0115609568074606,1501,0.1717252720813576,-0.9029212964810461,-0.3655980121998443,0.43104596935376416,-3.936511343573035,8.646089523914313e-05,0.748851624095368,0.45406404817304574,-1.438819760891567,-0.5826559575206076,-0.018105910192696785,-0.0073311868944911955,3355,0.0271846540920544,-0.9915081638967983,-0.48216175490237184,0.4461997019374069,-5.484542441978456,4.452429083389195e-08,0.1503846310431064,0.8804702088813783,-1.340847455095084,-0.6520751593274396,-0.019882306288273446,-0.009668591788275182,0.0017292179047828625,0.8318640652130973,True,False,False
Weekend gap fade (>0.1%) to Mon 12:00 London,EURUSD,calendar,practitioner lore,282,17.03332230858277,199,5.865125840698591,4.899149378931828,5.382137609815209,0.5778894472361809,1.7514295998666594,0.08142033211833698,2.0968056157528254,0.037280657512475265,0.5124079145389034,0.5629303343286949,0.00834487904092389,0.009167568461712775,83,5.498674475292762,4.408739207802233,4.953706841547499,0.6265060240963856,1.0066094642340688,0.3170836725097566,1.2554436958722182,0.21288354884849203,0.45600714270902837,0.5123703322731129,0.00750954759009813,0.00843780852543101,282,5.757269587759996,4.754808796649003,5.256039192204499,0.5921985815602837,2.0204227005036475,0.04428807038488003,2.446430253090057,0.015040953372700947,0.49655500922584767,0.5489045135078389,0.008099019074900706,0.008952780962736225,0.559559422076041,0.8318640652130973,True,False,False
Pre-FOMC drift: long 24h before statement,EURUSD,event,Lucca & Moench (equities); gold untested,127,8.122351602171248,64,15.381216585627941,14.40095951244585,14.891088049036895,0.671875,3.108238601781863,0.0028235213730561405,3.3195082650296333,0.001502365849292812,1.1072998865785046,1.1449345515304297,0.011696965656871783,0.012095065287316796,63,3.7591225596952667,2.685787265044677,3.222454912369972,0.49206349206349204,0.6453758334461815,0.5210649384102297,0.9033011113742488,0.36986240816480853,0.2317305630581205,0.2780360955872689,0.0021814908495326767,0.002617391182041285,127,9.615925848354253,8.589496114128734,9.102710981241492,0.5826771653543307,2.7287481366490596,0.007266677878878906,3.0553551088171536,0.002744320397806428,0.6900848361587024,0.7313803598716687,0.006976690752443723,0.007393541912258865,0.709805748678457,0.8318640652130973,True,False,False
Pre-FOMC USD-up: short 48h before statement,EURUSD,event,Karnaukh (dollar ahead of FOMC),121,7.738618455611977,60,-21.594454569598383,-22.581674064875777,-22.088064317237073,0.3333333333333333,-2.908662516086332,0.005109817770922056,-2.7816449387582907,0.0072503819252623634,-1.0445985685985875,-1.021791300509058,-0.017475095967706203,-0.017093110217411518,61,-3.0294527344864015,-4.102367215246778,-3.5659099748665897,0.4426229508196721,-0.62805032794447,0.5323543115088427,-0.46372635066558543,0.6445217870480675,-0.22369755978067987,-0.19443121251540477,-0.0031746654643606226,-0.0027595216742553434,121,-12.235238768426225,-13.265659867955371,-12.750449318190798,0.3884297520661157,-2.5936051169286594,0.010679284632637027,-2.391770147690307,0.01832040314785455,-0.6559079374668835,-0.6303846627656127,-0.010265788028003058,-0.009867086241109645,0.709805748678457,0.8387467977961963,True,False,False
Post-FOMC 2-day drift long,EURUSD,event,"Sunshine Profits (gold up after FOMC, anecdotal)",119,7.610707406758887,61,-11.738674982503934,-12.716213181707245,-12.227444082105587,0.4426229508196721,-1.1267788912477241,0.26432232271278994,-1.039864665649451,0.3025750857330414,-0.39800295620867926,-0.3826508255587311,-0.009677937784794432,-0.00930594992414111,58,-7.381317659309575,-8.456083395604834,-7.918700527457208,0.46551724137931033,-0.828504743978226,0.4108405179369282,-0.7231519528270669,0.4725436482892963,-0.3001190172355016,-0.2810367828736068,-0.006435677653110055,-0.0060266912756224075,119,-9.614920993047859,-10.63984740360691,-10.127384198327382,0.453781512605042,-1.399973497706976,0.16414496842308451,-1.2648525797840378,0.20841647678114647,-0.3540453106742306,-0.3369579292746605,-0.008097676544141542,-0.007707655792930312,0.6320623352875818,0.8318640652130973,True,False,False
"Post-FOMC reversal (fade first 30m, hold 24h)",EURUSD,event,Lee & Wang (pre/post-FOMC reversal),126,8.058396077744703,64,-8.043975404629045,-9.02307930947098,-8.53352735705001,0.421875,-0.908371183826995,0.3671439816192399,-0.8096585418503681,0.42118404717618146,-0.32232772762602413,-0.30481254886293185,-0.0072711546916620325,-0.006876654338337893,62,15.791468121837623,14.716676550489062,15.254072336163341,0.5645161290322581,1.6918150938514929,0.09578422593762356,1.8151376012058744,0.07441943306514485,0.6099319103358557,0.6321634616961471,0.011859280859189851,0.012292335668337265,126,3.684576171886297,2.6583878597157065,3.1714820158010033,0.49206349206349204,0.3982575840118143,0.6911197315423775,0.5518513937979383,0.5820354334774309,0.10071707092368387,0.12014107453400875,0.002142234230185719,0.002555705823676867,0.24987189375032234,0.40592418035533556,False,False,False
"NFP continuation (first 15m direction, hold 3h)",EURUSD,event,FXStreet NFP studies,197,11.830688918119039,108,-1.073283875302464,-2.046617859545789,-1.559950867424126,0.49074074074074076,-0.637161054585049,0.5253808932665097,-0.33404588660904094,0.7389987486158577,-0.21088338407088544,-0.16071500618032103,-0.0024212899230552877,-0.0018455293440044788,89,1.5103139179976357,0.4361485269539837,0.9732312224758103,0.5168539325842697,0.1463440901635772,0.8839844877996708,0.506739053573472,0.6136053041164724,0.053356238246638515,0.11905707430142878,0.0005159937544488439,0.0011513995838512013,197,0.09392528004631201,-0.9249619793504599,-0.4155183496520739,0.5025380710659898,-0.4179698930418703,0.6764266796889522,0.04243166317416456,0.9661977816806395,-0.10242757822117886,-0.046007316032298746,-0.0010942937438782937,-0.0004915868334503903,0.8989672757284788,0.8387467977961963,False,False,False
"NFP reversal (fade first 15m, hold to NY close)",EURUSD,event,FXStreet NFP studies,197,11.830688918119039,108,1.6604887938063833,0.6871548095630585,1.1738218016847213,0.48148148148148145,0.16755336800491163,0.8672509265266659,0.40498373072340543,0.6862979894354,0.055455714066456226,0.09474267465127997,0.0008129514790529875,0.0013887120581037957,89,-2.386063087315633,-3.460158646034284,-2.923110866674959,0.449438202247191,-0.8873537886857916,0.3773072566584927,-0.612005859273115,0.5421119345654279,-0.32352423733172453,-0.27333335926660046,-0.004093606054857158,-0.0034582415336804778,197,-0.1676488580710759,-1.186504568854015,-0.6770767134625448,0.467005076142132,-0.41587760016083225,0.6779545519751741,-0.05877814817773166,0.9531886972127349,-0.10191484154731348,-0.058165538783040115,-0.0014037166454038805,-0.000801028397067779,0.6118496053921503,0.8318640652130973,False,False,False
W1 pre-Tokyo fix: USD up (18:00 ET -> 10:00 Tokyo),XAUUSD,session / fix,"Krohn, Mueller & Whelan (fixing reversals, 1999-2018)",4218,252.10677466863035,2284,-0.970759130746366,-4.002452901987462,-2.486606016366914,0.4023642732049037,-8.90510896359937,1.0633942927654433e-18,-2.161015333840117,0.030797839928711716,-2.9585808798633906,-1.8386449393452469,-0.10090454918831589,-0.06268902226578742,1934,-4.185243619099151,-6.146520574621439,-5.165882096860295,0.3671147880041365,-9.074867020133798,2.7268759944509136e-19,-6.1695933729422086,8.317433784387388e-10,-3.2764556446750643,-2.7517195168599886,-0.15495794775021876,-0.13023538737578702,4218,-2.4446360867620807,-4.985531820639458,-3.715083953700769,0.3862019914651494,-12.626338841213787,6.695447844701376e-36,-6.1799036629914985,7.020991095950063e-10,-3.0868562840955076,-2.2983586292458384,-0.12568863473092381,-0.09365978331906841,1.636125596670548e-17,4.990460270632433e-08,True,False,False
W2 post-Tokyo fix: USD down (10:00 Tokyo -> 08:00 London),XAUUSD,session / fix,"Krohn, Mueller & Whelan (fixing reversals, 1999-2018)",4307,257.38412140052355,2315,1.7358061487416876,-1.2952955602282652,0.22025529425671117,0.4872570194384449,-1.56262009886803,0.11827871844967917,2.0939117473082924,0.036376404747937435,-0.5210372629075981,0.08859669218822913,-0.0333388509723351,0.0056690215396077385,1992,1.6120730944065982,-0.3505954248660606,0.630738834770269,0.4979919678714859,-0.32474821999630843,0.7454057534289038,1.4935447253855176,0.135453105545214,-0.11673282280686044,0.21003477016493396,-0.009023769539619428,0.016234216082053568,4307,1.6785792520071863,-0.8583690058652487,0.41010512307096864,0.4922219642442535,-1.2827638663663674,0.19964385981750163,2.5088731930868784,0.012148146253835743,-0.3135813009200451,0.1498367218221862,-0.022093055241206788,0.010555454678347485,0.8415238070670161,0.6375695273157955,True,False,False
W3 pre-ECB fix: USD up (08:00 London -> 14:15 Frankfurt),XAUUSD,session / fix,"Krohn, Mueller & Whelan (fixing reversals, 1999-2018)",4301,257.06762395679925,2317,2.409841394366692,-0.6206440636553456,0.8945986653556733,0.48554164868364263,-0.714093037663832,0.4752416101997129,2.7739908054709366,0.005581724145723401,-0.2378567462036545,0.3429317970052362,-0.015954749476677216,0.022997235329790675,1984,-0.6421809763537424,-2.604234047423832,-1.6232075118887872,0.4425403225806452,-2.396260425872246,0.016655452126741053,-0.5910175127721273,0.5545760434753982,-0.8625551514743091,-0.5376921734949216,-0.0669464258798643,-0.041727409827007844,4301,1.0019798776242266,-1.5356504639800788,-0.266835293177926,0.46570564984887236,-2.2383928111964537,0.025246427838888506,1.4605016586797508,0.14422531070220065,-0.5472367724650543,-0.0950911042597618,-0.03947660160035152,-0.006859471480506535,0.07492991716219237,0.8318640652130973,True,False,False
W4 ECB -> 1h before London fix: USD down,XAUUSD,session / fix,"Krohn, Mueller & Whelan (fixing reversals, 1999-2018)",4239,253.3619293078056,2317,-2.2855210822908147,-5.316266408482545,-3.80089374538668,0.42641346568839017,-5.834129688160643,6.164360177819607e-09,-2.5076403852722016,0.01222195225121539,-1.9292288186616073,-1.3791837803809865,-0.13469395139674165,-0.09630017724251405,1922,-0.6851725492183344,-2.6447321728100612,-1.6649523610141979,0.48283038501560877,-2.4101169521119985,0.016040853173380776,-0.6243685120627102,0.5324597415269107,-0.8750484593459257,-0.550875258385305,-0.06700744458055818,-0.04218355423921433,4239,-1.5599089377837831,-4.104969215521348,-2.832439076652566,0.4519933946685539,-5.829088947228805,5.987275454382369e-09,-2.2154137473422715,0.02678464029826482,-1.4250813377961873,-0.9834142117889788,-0.10400429201936381,-0.07176322291075136,0.07492991716219237,0.8318640652130973,True,False,False
W5 into London 4pm fix: USD up (15:00 -> 16:00 London),XAUUSD,session / fix,"Krohn, Mueller & Whelan (fixing reversals, 1999-2018)",4260,254.61708394698087,2316,-1.2991440450735279,-4.330776038583712,-2.8149600418286207,0.40025906735751293,-6.593918928923688,5.289139126832237e-11,-1.9778586350095595,0.048063067434393106,-2.1863419899411802,-1.421060199918266,-0.11026895661716424,-0.07167369172776747,1944,0.015588669620229385,-1.9451574249243522,-0.9647843776520609,0.45113168724279834,-2.344783044574672,0.019138333826440687,0.018802059732823017,0.9850009411479589,-0.8485907719634699,-0.4210299339418873,-0.04952703113520569,-0.02456505848753705,4260,-0.6991815104808836,-3.242127544463103,-1.9706545274719933,0.42347417840375584,-6.2271014237116065,5.210419138352263e-10,-1.343826978756974,0.17907592747979678,-1.5223864497237272,-0.9257186977620573,-0.08255010611553809,-0.050176230925183446,0.07655333530576275,0.9850009411479589,True,False,False
W6 post London fix: USD down (16:00 London -> 16:50 ET),XAUUSD,session / fix,"Krohn, Mueller & Whelan (fixing reversals, 1999-2018)",4126,246.60800196367208,2247,0.9399981220231368,-2.089692470845229,-0.5748471744110462,0.4628393413440142,-2.002774019499152,0.04532153512915759,0.9008600848512769,0.36775930055202594,-0.6634894093643853,-0.18251460454485238,-0.0515334884953671,-0.014176191311597064,1879,0.5431277645923583,-1.419250466097738,-0.4380613507526897,0.48908994145822243,-1.2718158722359156,0.2035960180027851,0.4867145709748194,0.6265174134556138,-0.4607490334937954,-0.1422173090571906,-0.03499985217303735,-0.010802943444662814,4126,0.7592614759706812,-1.7843699970399605,-0.5125542605346396,0.47479398933591854,-2.340901420549533,0.019284631286455682,0.9960672027261062,0.3192759188906055,-0.5722978253113934,-0.16439497859569543,-0.04400399197339481,-0.01263999820884149,0.4524355955617447,0.8387467977961963,True,False,False
Gold Asian hours long (19:00 ET -> 03:00 ET),XAUUSD,session / fix,Donati & Jung (CBS) Asian-hours appreciation,4299,256.9480854197349,2313,1.6347878215316631,-1.396119389338934,0.11933421609636458,0.47946389969736275,-1.635206000471784,0.10214199724382847,1.914531027523438,0.05567563839071441,-0.5450136114927739,0.046583270808166544,-0.03587302041080086,0.003066269835102579,1986,2.5494563152492367,0.586939844096906,1.5681980796730717,0.4919436052366566,0.4956425272863093,0.6202015095085929,2.1534851095286074,0.03140066830856847,0.17827959289927572,0.4764042648266488,0.015081306919725772,0.04029454941309007,4299,2.0573353043237312,-0.4800096806616652,0.788662811831033,0.48522912305187255,-0.6718859142205933,0.5016924410213123,2.8805574584474445,0.003989368316485049,-0.16426101679904828,0.2699304588392939,-0.012333756842895324,0.02026453995417286,0.79174660788331,0.2691485855020154,False,False,False
Gold overnight long (13:30 ET -> 08:20 ET),XAUUSD,session / fix,Blose et al. 2018 (overnight +),3326,198.79258713794798,1821,0.8673152369134149,-2.1617242806929475,-0.6472045218897668,0.4783086216364635,-1.3314645995218364,0.18320292460523244,0.534096349414491,0.5933401038560672,-0.43992105082317395,-0.13169651352218978,-0.042973476243787063,-0.012865946131384544,1505,6.944130550858438,4.988694902139177,5.966412726498809,0.5508305647840531,2.4579880761407593,0.014083876210506368,3.421955043025672,0.000638393898441748,0.8933293744363933,1.06849632096153,0.09917155660381392,0.11860786218334761,3326,3.6170467605115078,1.0738081517070373,2.345427456109272,0.5111244738424534,0.8393001565741138,0.40136123342083413,2.827978096770288,0.004712335373594191,0.20519003926193463,0.4482523300234857,0.021346510056766008,0.046625359194433814,0.07492991716219237,0.01276787796883496,False,False,True
Gold COMEX day short (08:20 -> 13:30 ET),XAUUSD,session / fix,Blose et al. 2018 (daytime -),4162,248.75969563082967,2287,0.8713457385853459,-2.157861583430969,-0.643257922422812,0.4862264975951028,-1.5185760873370058,0.12900751407396271,0.6132889868737839,0.5397462866975904,-0.5008336296909027,-0.14930954955850675,-0.0536788990707748,-0.016001664499401855,1875,1.3191799287590595,-0.6369391293041444,0.3411203997274573,0.46826666666666666,-0.39069795903247884,0.6960649163392446,0.8094354878023108,0.4183674550752019,-0.1423083931328442,0.07622753388121836,-0.01584447839410646,0.008485700680966922,4162,1.0730970856722544,-1.4726790746640792,-0.19979099449591262,0.478135511773186,-1.3739130348585165,0.16954268779567638,1.0014055377540858,0.31668901814319733,-0.33589088165529085,-0.045575557581152754,-0.036634319837532826,-0.0049699946980583986,0.8188999015755819,0.8318640652130973,True,False,False
Gold into PM fix short (14:00 -> 15:00 London),XAUUSD,session / fix,London fix lore / Caminschi & Heaney,4247,253.84008345606284,2317,2.006470752287745,-1.0247403970977926,0.49086517759497605,0.46266724212343546,-1.6149992198320524,0.10644707608528693,3.1642164884691297,0.001575182706228968,-0.5345513133532226,0.25614364166907166,-0.026012018792010264,0.012460125764638383,1930,0.5360500822657891,-1.4239578187627961,-0.4439538682485032,0.45906735751295336,-1.8028179875279073,0.07157281848169131,0.6790501045719658,0.4971875787183873,-0.6538126649492522,-0.20390675442597805,-0.03614575715526614,-0.011269328696684199,4247,1.338255095790836,-1.2061601342801465,0.06604748075534464,0.4610313162232164,-2.419016855846002,0.015604289602805374,2.684901015958499,0.007283321115143391,-0.5913952949233036,0.032391736053433054,-0.030617178914704835,0.0016765498026999387,0.22129499965169452,0.8318640652130973,True,False,False
Gold after PM fix long (15:00 -> 17:00 London),XAUUSD,session / fix,London fix lore / Caminschi & Heaney,4236,253.18262150220914,2315,1.8086666828132514,-1.2231936531273961,0.2927365148429278,0.4673866090712743,-1.4526762474776005,0.1464492471328549,2.147968479954982,0.03181979717481511,-0.48040805873137093,0.11497266771167533,-0.0309691375703658,0.007411579823735281,1921,1.061812513054593,-0.8983124418427292,0.08175003560593179,0.5013014055179594,-0.9146368064028941,0.3604971773881439,1.0809703828631372,0.2798460434926006,-0.33204881738656966,0.03021660905834441,-0.022743709895379296,0.0020697688322608753,4236,1.4699729009184488,-1.0758620178871117,0.1970554415156686,0.482766761095373,-1.6801141672314828,0.09300885791831794,2.295348268660645,0.021761828396968923,-0.41075018184905854,0.07523237594894003,-0.027238956606331553,0.0049891013264212235,0.6008286289802398,0.8318640652130973,True,False,False
"W5 into London fix, month-end only",XAUUSD,session / fix,Evans 2018 (fix reversals strongest at month-end),197,11.820970921636274,107,-5.35963857209645,-8.397617889996635,-6.87862823104654,0.308411214953271,-2.0881686687888665,0.03917858443542048,-1.3338651722027919,0.18510695694338497,-0.6940651859778134,-0.5687666855554174,-0.009926799688866278,-0.008131206429994752,90,-3.0387161259941866,-4.989725241421091,-4.014220683707639,0.3888888888888889,-1.2215773940547803,0.22509336951753942,-0.7420862693231323,0.45998902861002317,-0.4427171102753607,-0.3557324917621149,-0.005898339698579326,-0.004745198597513888,197,-4.299318672861912,-6.840712619073794,-5.570015645967855,0.34517766497461927,-2.385035338952447,0.0180307500891786,-1.4988472586401973,0.1355221558486576,-0.5842359536496206,-0.47571157649722534,-0.008086386495334164,-0.0065842992984045095,0.4657104196914609,0.8318640652130973,True,False,False
"W6 post London fix, month-end only",XAUUSD,session / fix,Evans 2018 (fix reversals strongest at month-end),187,11.220921636274026,101,5.0433224314578675,2.009760626456989,3.5265415289574276,0.5148514851485149,0.4087963875936576,0.6835632350625593,1.0249721845122268,0.30784935873830604,0.13625756614147577,0.2389928729661411,0.002255136649714287,0.0039571046143497286,86,-16.236947964305568,-18.194787892467932,-17.215867928386743,0.36046511627906974,-2.7638179591304874,0.0070032503787481265,-2.467412574908228,0.015615255031416336,-0.9983308083724747,-0.9448202429760467,-0.02041622891300101,-0.01931779049248709,187,-4.743325985845101,-7.282170777968375,-6.012748381906736,0.44385026737967914,-1.7834790209802394,0.07613893887216186,-1.1594612992705917,0.24775447095571243,-0.4368792988594189,-0.3603841449770025,-0.00817126676415478,-0.006746857841200894,0.052524377840610946,0.18738306037699604,False,False,False
Last trading day of month long,XAUUSD,calendar,month-end rebalancing lore,157,9.420773780187284,85,7.736432822528163,4.700454040562896,6.218443431545535,0.4823529411764706,0.38675823713964225,0.6999132454163712,0.6364946093686387,0.5261847666266404,0.12875775530147016,0.17033074511439855,0.0044281914180310305,0.005858254883348201,72,-15.999923073199541,-17.965533762466453,-16.982728417832995,0.5277777777777778,-0.9569407814594888,0.34184430359792567,-0.8519566462995909,0.39710274823386466,-0.34614821985765915,-0.32715804550921856,-0.016924922941651335,-0.015999044259476253,157,-3.1490297538565164,-5.694139092036548,-4.421584422946531,0.5031847133757962,-0.5254281375929112,0.6000316212467096,-0.2904077144353439,0.7718900343786446,-0.1287083692335424,-0.09991513542068625,-0.005364319625899734,-0.004165474659857921,0.5860188061678726,0.8318640652130973,False,False,False
Friday long,XAUUSD,calendar,Weekday effects (gold) 2016,800,47.93307086614173,441,14.564003509903337,11.536981701382148,13.050492605642745,0.5532879818594104,2.393071635708347,0.017126259508534487,3.0204851809824302,0.0026707137738854448,0.7889582668547793,0.8923920960331274,0.05530029614737309,0.06255501869043324,359,4.704376288649159,2.725812399486896,3.7150943440680284,0.5598885793871866,0.4342415817578372,0.6643746141853464,0.7493617848721315,0.45413128791315294,0.15867255329134966,0.21624900969636981,0.013065655891241323,0.017807588046861514,800,10.139495794365525,7.582969477156654,8.86123263576109,0.55625,1.9577726891501162,0.05060439393991178,2.6169509939033735,0.00903959961869092,0.47921996043553067,0.5599125352756069,0.03634750133243396,0.04247460918913042,0.7972495370224156,0.8318640652130973,True,False,False
Tuesday short,XAUUSD,calendar,Weekday effects (gold) 2016,773,46.209206219312605,428,0.65846645500582,-2.3704256947705367,-0.8559796198823584,0.4672897196261682,-0.5451110024450831,0.585961777432849,0.15146257544232078,0.8796823621115667,-0.17911308638453213,-0.0646877319339614,-0.010953548975720907,-0.003955413877467272,345,-8.779052715798828,-10.730281666648192,-9.754667191223511,0.42028985507246375,-1.7879479793830395,0.07466446489127036,-1.4629901467745792,0.14438312858654867,-0.654349214462817,-0.5948912512488556,-0.04958377983254557,-0.045075542784001006,773,-3.553621661330018,-6.101538644702997,-4.827580153016508,0.4463130659767141,-1.6938006871886686,0.09070653679149991,-0.9864371814086651,0.32422768212109226,-0.414130113981776,-0.3276555378355265,-0.028194725748818594,-0.022307864683100052,0.22129499965169452,0.6375695273157955,True,False,False
BASELINE: long every day (close to close),XAUUSD,baseline,buy & hold,3242,193.77196858124694,1783,2.0015204572317047,-1.027354147401015,0.4870831549153448,0.501402131239484,-0.4440290497988015,0.6570754935800123,0.8649047962605438,0.387207458350591,-0.14637981302569944,0.06939424819581858,-0.019907243557200322,0.009438306179071083,1459,7.078202503799229,5.114176912220524,6.0961897080098755,0.5455791638108294,1.7669054396726704,0.07745324987809309,2.4454274955368724,0.014585654313280405,0.6439188481827804,0.7675605482551148,0.09909841279537338,0.11812706805658106,3242,4.286183969243431,1.736524265920337,3.011354117581884,0.5212831585441086,0.9533681061890413,0.3404746915128595,2.353243484430323,0.018669874509604802,0.23307709120239084,0.4041954090396812,0.033648972549648846,0.05835160154590855,0.22129499965169452,0.18738306037699604,False,False,False
Gold long in September & November,XAUUSD,calendar,Baur 2013 (1980-2010; 2011+ is out-of-sample),518,32.21513706793802,284,-6.342350316445542,-9.344665736979906,-7.843508026712723,0.4612676056338028,-1.4944680264918035,0.13616749759220917,-1.0142736989504864,0.31131853258763303,-0.5033353697437525,-0.4224701027675306,-0.030103968757087166,-0.02526796861740224,234,1.8601985816866693,-0.0729421955965896,0.8936281930450399,0.49145299145299143,-0.01194766507655898,0.9904775928904243,0.3048088134106201,0.7607838564397704,-0.004433075243921957,0.05432091192130864,-0.0002349842829180479,0.0028788354726719733,518,-2.636951779451455,-5.156280971181263,-3.896616375316359,0.4749034749034749,-1.1717834208265436,0.24182373394334286,-0.5994690638892428,0.5491227452571967,-0.292221698637119,-0.22087333032759884,-0.016611029824740494,-0.012553003063198832,0.9904775928904243,0.9129406277277244,True,False,False
"London breakout of Asian range (stop opposite, exit 16:00 London)",XAUUSD,breakout,practitioner standard definitions,3650,218.15783014236624,1995,3.616471453214948,0.5888819043396373,2.102676678777293,0.4145363408521303,0.45917924836166174,0.6461555017990114,2.8197959968345394,0.004852919525694947,0.15184349991692617,0.5421659072850031,0.012846919846083975,0.04587153817330114,1655,3.032433016050177,1.034657624041916,2.0335453200460463,0.4163141993957704,0.6287252929817473,0.5296157300621804,1.8434612559655494,0.06544049372489263,0.22826920986290752,0.4487431549653775,0.022571866220124054,0.044363383451740915,3650,3.3516540248566757,0.7910076073827255,2.0713308161197,0.41534246575342465,0.7727371808229039,0.4397279857936683,3.2748627505511925,0.0010670041002329527,0.18891688656346267,0.4947524882040649,0.017256450325272014,0.04518770363516903,0.709805748678457,0.3926429623493558,True,False,False
"London breakout, target 1x range, width filter",XAUUSD,breakout,practitioner standard definitions,3438,205.48674521354934,1883,3.129410753800577,0.09773176245583519,1.613571258128206,0.5273499734466277,0.10277429840054536,0.9181530534087883,3.291556105591464,0.0010147780001853394,0.03395089811530415,0.5606001395970908,0.0020082581771033335,0.03315675060028969,1555,2.529721966975066,0.5277687074415929,1.52874533720833,0.4958199356913183,0.4358735970737672,0.6629889814946516,2.0914685357006206,0.03664809442530726,0.1584481863509405,0.45921632327214057,0.010844947391773486,0.031413690360332966,3438,2.8581728062980547,0.29223654705526914,1.575204676676662,0.5130890052356021,0.3867265959533982,0.6989825654679609,3.7847586551080052,0.000156482796941964,0.09454596759664124,0.5097991293079941,0.006005073688683351,0.03236836820554486,0.7972495370224156,0.27486070818980446,True,False,False
NY 30-min ORB 08:20-08:50 ET (exit 13:30 ET),XAUUSD,breakout,practitioner standard definitions,4142,247.56431026018657,2245,1.8605509567420788,-1.169764089662383,0.34539343353984775,0.37683741648106905,-1.1841214838731617,0.23649038587909885,1.8833275710290807,0.05978521242618809,-0.39321683729756374,0.11610332594961005,-0.028959184002440293,0.008550708714268999,1897,0.06192555664817448,-1.895445787260335,-0.9167601153060807,0.3779652082235108,-1.7113162869495426,0.08718629729182899,0.055880937651390024,0.9554425444433178,-0.6182165624272291,-0.29893793434641563,-0.04692447289586812,-0.0226957085619799,4142,1.036796156167927,-1.5021199999335841,-0.23266192188282847,0.377353935296958,-2.036758357066588,0.04173774291231957,1.4052375937320793,0.1600256526739381,-0.4979416767410818,-0.077112142618618,-0.037187130171158926,-0.005759878821473184,0.23778081079589725,0.9759077791390741,True,False,False
"ICT Judas swing (Asian range sweep fade, London KZ)",XAUUSD,ICT / price action,"ICT (vendor claims 70-80% win, unaudited)",2975,177.8717875266001,1601,0.3138157477506384,-2.7190506999755883,-1.2026174761124753,0.24797001873828858,-5.377065711672739,8.690380203363e-08,0.6203186105116222,0.5351363844189461,-1.7922690810478683,-0.7925722285894056,-0.04836424083801111,-0.021391172018685425,1374,-0.2383383379793034,-2.2331442631286698,-1.2357413005539863,0.2321688500727802,-3.159959306962982,0.0016123539037999532,-0.33715948040146876,0.736048212613519,-1.136950765320095,-0.629096529978139,-0.03972133618874686,-0.02198035140499831,2975,0.05880407924880987,-2.494635424604944,-1.217915672678067,0.24067226890756302,-5.8710977017468355,4.807555044696758e-09,0.13834485101242217,0.8899772464455326,-1.4355864724877407,-0.7008285709914922,-0.04437252622016604,-0.021663283775590937,0.016123539037999533,0.9012835256492071,True,False,False
Williams volatility breakout k=0.5,XAUUSD,breakout,Larry Williams,3128,186.95827196858124,1642,4.579673975474002,1.551758905997278,3.065716440735639,0.4762484774665043,0.7271026237095581,0.4672668039935454,2.146170171538662,0.032005667585235924,0.2453474101642338,0.48475169613403885,0.02901141635771072,0.05731610481056045,1486,4.55574935158771,2.6062187927998886,3.580984072193799,0.4851951547779273,1.1199054071328784,0.2629351678245436,1.9581442380407053,0.05040008561917998,0.3972320480624696,0.5458777948177392,0.04872541618739091,0.06694945940843658,3128,4.568308249420604,2.052694772937393,3.310501511178998,0.4804987212276215,1.3043495376817196,0.1922104272227687,2.9034788424308635,0.0037162635440647156,0.31888416885403575,0.5143431638484486,0.03837682676273142,0.06189256418794024,0.4780639414991702,0.3360005707945332,True,False,False
5-min ORB (Zarattini-Aziz) at 08:20 ET,XAUUSD,breakout,Zarattini & Aziz 2023 (QQQ),4297,256.8285468826706,2308,1.8397011600241757,-1.1914209786252428,0.3241400906994665,0.1707105719237435,-1.8374112612085565,0.06627774785691323,2.83760725511206,0.004585024805340093,-0.6129289278163548,0.1667698877710481,-0.030599091866585045,0.008324842848076103,1989,1.0988434727134635,-0.8627056606054483,0.11806890605400737,0.1558572146807441,-1.1340108938907318,0.25692670344658625,1.4444635019729346,0.14876622304035228,-0.4074942475646837,0.055772409533713554,-0.022156744120075168,0.0030323465573877263,4297,1.4967721537265246,-1.039264877265836,0.22875363823034423,0.1638352338841052,-2.0985612209016917,0.035913837151389634,3.0225135015080027,0.0025216384550254874,-0.5130510889787586,0.11293750111996351,-0.026691288825438163,0.005875046450082343,0.4780639414991702,0.6375695273157955,True,False,False
Intraday momentum (first 30m -> last hour),XAUUSD,momentum,"Gao, Han, Li & Zhou 2018 (SPY)",3237,193.47312223858617,1788,1.3254349070366702,-1.7048200882410238,-0.18969259060217705,0.44854586129753915,-3.080138042552297,0.002100572808095501,2.396303116198904,0.016663633494441648,-1.0132036453082407,-0.11277911963849532,-0.03298368653270529,-0.0036700417769329084,1449,0.3061846170709206,-1.653541530170638,-0.6736784565498589,0.44030365769496205,-2.94009566988389,0.003333162746317574,0.5447374109923572,0.5860180124391724,-1.0743297193932944,-0.4378735014236036,-0.031991584259328264,-0.013033867437357292,3237,0.8691810701011212,-1.681865923692371,-0.40634242679562493,0.4448563484708063,-4.2473217030601145,2.224343275395666e-05,2.1958474619888895,0.028173598931129362,-1.0383747699587305,-0.2509550555598119,-0.03253958514434467,-0.007861633801015368,0.02856996639700778,0.8387467977961963,True,False,False
Weekend gap fade (>0.1%) to Mon 12:00 London,XAUUSD,calendar,practitioner lore,258,15.476186565938576,137,0.9927403337076693,-1.9878228929557833,-0.49754127962405614,0.5328467153284672,-0.3208656819271114,0.7488047083125011,0.160236660879835,0.872932405113164,-0.10784374589725061,-0.026992196864026187,-0.003076391795142745,-0.0007700041667717707,121,4.150878075262098,2.336289603067896,3.243583839165001,0.4628099173553719,0.254626256320046,0.7994476167136654,0.4519914753822585,0.6520910647041638,0.09106310991627455,0.1263718471904048,0.003615685376914134,0.005019830863718086,258,2.473882452808778,0.04015234742741669,1.2570174001180972,0.5,0.007425599661609175,0.994081043861144,0.4573109736062551,0.647833881203438,0.0018186689683217334,0.05692389683092998,6.214052198470845e-05,0.001945383580085873,0.8415238070670161,0.8387467977961963,False,False,False
Pre-FOMC drift: long 24h before statement,XAUUSD,event,Lucca & Moench (equities); gold untested,126,8.058396077744703,64,13.959608020993047,10.961348637634241,12.460478329313647,0.484375,1.1047127332316709,0.2734854085472786,1.4077660110204746,0.16411566528585728,0.3919978433066589,0.4457502677612301,0.008833088886830402,0.010041146969576396,62,9.995697402033926,8.031973704913119,9.013835553473523,0.45161290322580644,0.6532606843376864,0.5160430493816112,0.8134965146547282,0.419097511128432,0.23551305257498123,0.2643892084629963,0.006472482540022047,0.00726370570695468,126,12.009112319600465,9.519910178676227,10.764511249138344,0.46825396825396826,1.2137211561635084,0.22714252787890246,1.5318710738470236,0.12808123128830662,0.30694315607375694,0.3471648674444548,0.007671520684432639,0.008674469522889517,0.709805748678457,0.8318640652130973,True,False,False
Pre-FOMC USD-up: short 48h before statement,XAUUSD,event,Karnaukh (dollar ahead of FOMC),120,7.6746629311854315,60,-7.626164326384193,-10.656928190587655,-9.141546258485922,0.48333333333333334,-0.9205504714436268,0.3610338896613948,-0.6586681396965793,0.5126712457916528,-0.3292316926533513,-0.2823986908049698,-0.00817883317446081,-0.007015828620371879,60,-10.400656393004,-12.347871255392226,-11.374263824198115,0.4166666666666667,-0.8050356020284675,0.42403152489981105,-0.6780788384819348,0.5003725187641569,-0.28791819908189886,-0.26521621294251135,-0.009476574980280884,-0.008729364094109671,120,-9.013410359694099,-11.50239972298994,-10.257905041342022,0.45,-1.202145504375457,0.2316938773992962,-0.9419142571098659,0.34814477845971287,-0.3040157397760413,-0.27111022018617403,-0.008827704077370848,-0.007872596357240778,0.6360472873497166,0.8318640652130973,True,False,False
Post-FOMC 2-day drift long,XAUUSD,event,"Sunshine Profits (gold up after FOMC, anecdotal)",121,7.738618455611977,61,-41.486031102507674,-44.47880471763254,-42.982417910070104,0.39344262295081966,-1.6312450638502476,0.10807712315970436,-1.5210066385759833,0.13351106734796556,-0.5810132149470725,-0.5613781014352177,-0.03442044990714323,-0.03326245325056953,60,13.559101848325895,11.562633619655575,12.560867733990737,0.5833333333333334,0.46156794753764435,0.6460884896280916,0.5407713372214306,0.5907010660280825,0.16576457895760238,0.17999356562508562,0.008947880992454615,0.009720376286476172,121,-14.190923854160449,-16.68966174046487,-15.440292797312665,0.48760330578512395,-0.8960207918237082,0.37203557860718284,-0.7616873483537947,0.44774101006793166,-0.2265985464234793,-0.20961073453622223,-0.012915492436268257,-0.011948653480133646,0.7972495370224156,0.8387467977961963,False,False,False
"Post-FOMC reversal (fade first 30m, hold 24h)",XAUUSD,event,Lee & Wang (pre/post-FOMC reversal),127,8.122351602171248,64,-39.130919302524156,-42.12529882584243,-40.62810906418329,0.421875,-1.9328707970629506,0.05774979910929043,-1.7954441911519408,0.07737914086663057,-0.6885789312093853,-0.6641002345695812,-0.03421564884100239,-0.03299957867506574,63,-3.341854825570363,-5.314714813800931,-4.3282848196856465,0.49206349206349204,-0.2723499320018358,0.7862579487790977,-0.1711441495954289,0.8646677561975226,-0.09779077526752354,-0.07961559302857646,-0.004316798238295926,-0.00351558511398272,127,-21.377288892696686,-23.86493037892421,-22.62110963581045,0.4566929133858268,-1.6263545452354486,0.10637271907901608,-1.4569135638244906,0.14762784814995814,-0.4112957860826956,-0.38987203036877927,-0.019383935549896033,-0.018373660609331644,0.8415238070670161,0.9408311510921815,True,False,False
"NFP continuation (first 15m direction, hold 3h)",XAUUSD,event,FXStreet NFP studies,193,11.590471884248602,106,7.763986617483741,4.723304569260405,6.243645593372071,0.4811320754716981,0.7816347861709296,0.43618818355752975,1.283811185935909,0.20203384759752768,0.25846485950573245,0.34152699699577893,0.005474532881075567,0.007236679870519168,87,0.388892606946039,-1.5859048370697477,-0.5985061150618551,0.4942528735632184,-0.22246062015354331,0.8244828014587597,0.05454976345227545,0.9566236871613747,-0.08119776516497067,-0.030643176396103547,-0.0018381385425150771,-0.0006936968299175291,193,4.439462374391615,1.8792568057851537,3.1593595900883855,0.48704663212435234,0.40737510186685416,0.6841863401964604,0.9615342861051549,0.3374929620092988,0.09983122183311881,0.167764206191796,0.002178147317073566,0.003661846850115062,0.8529132428883721,0.9759077791390741,False,False,False
"NFP reversal (fade first 15m, hold to NY close)",XAUUSD,event,FXStreet NFP studies,190,11.410309108845773,103,-11.809498668020444,-14.849121872914484,-13.329310270467465,0.39805825242718446,-1.9263097276809327,0.05684927315778533,-1.5323690681136322,0.12852720553076308,-0.6411449270122592,-0.5755959758499237,-0.016943307056487715,-0.015209155039374643,87,-0.4201388691181778,-2.405087852660325,-1.4126133608892504,0.5402298850574713,-0.2906390626973243,0.7720271080902151,-0.05074971379852942,0.9596426494867563,-0.10525507931220364,-0.06180842059527146,-0.0027442795832784425,-0.0016118355099031855,190,-6.594370760102037,-9.151064189956,-7.8727174750290185,0.4631578947368421,-1.621346552630189,0.10661041126741083,-1.1689049602614296,0.24391410178784775,-0.3973267060805529,-0.3419057014398062,-0.010441647108228732,-0.008983013991669292,0.8415238070670161,0.9759077791390741,True,False,False
